10,,
10,,
11,,
10,,
11,,
12,,
29,,
13,,
14,,
15,,
16,,
17,,
18,,
19,,
20,,
21,,
22,,
23,,
24,,
25,,
26,,
27,,
28,,
30,,
31,,
32,,
33,,
34,,
35,,
36,,
37,,
38,,
39,,
40,,
41,,
50,,
51,,
52,,
53,,
54,,
55,,
56,,
57,,
58,,
59,,
60,,
61,,
62,,
63,,
64,,
65,,
66,,
67,,
68,,
69,,
70,,
71,,
72,,
73,,
74,,
75,,
76,,
77,,
78,,
79,,
81,,
82,,
84,,
91,,
92,,
118,,
119,,
120,,
121,,
124,,
125,,
126,,
127,,
128,,
129,,
130,,
131,,
132,,
133,,
134,,
135,,
136,,
137,,
138,,
139,,
141,,
142,,
144,,
145,,
147,,
148,,
149,,
150,,
161,,
162,,
164,,
167,,
168,,
169,,
191,,
192,,
193,,
194,,
196,,
197,,
199,,
200,,
239,,
240,,
241,,
242,,
243,,
244,,
245,,
246,,
247,,
248,,
249,,
250,,
251,,
252,,
253,,
254,,
255,,
256,,
257,,
258,,
259,,
260,,
261,,
262,,
263,,
264,,
265,,
266,,
267,,
268,,
269,,
270,,
271,,
272,,
273,,
274,,
280,,
281,,
282,,
283,,
284,,
285,,
286,,
287,,
289,,
290,,
292,,
293,,
294,,
295,,
296,,
297,,
298,,
299,,
300,,
301,,
302,,
303,,
305,,
306,,
307,,
308,,
313,,
314,,
317,,
318,,
319,,
320,,
321,,
322,,
323,,
324,,
325,,
326,,
327,,
328,,
331,,
332,,
333,,
334,,
335,,
336,,
337,,
338,,
339,,
340,,
341,,
342,,
344,,
345,,
347,,
348,,
351,,
352,,
353,,
354,,
355,,
358,,
359,,
360,,
361,,
363,,
364,,
366,,
367,,
368,,
369,,
370,,
371,,
372,,
373,,
374,,
375,,
376,,
377,,
378,,
381,,
382,,
383,,
384,,
385,,
386,,
387,,
388,,
389,,
390,,
401,,
402,,
403,,
404,,
405,,
406,,
407,,
408,,
409,,
410,,
412,,
413,,
414,,
415,,
421,,
422,,
427,,
428,,
429,,
430,,
432,,
434,,
435,,
437,,
438,,
441,,
444,,
445,,
447,,
448,,
449,,
450,,
451,,
452,,
453,,
454,,
455,,
456,,
480,,
481,,
482,,
483,,
484,,
485,,
487,,
488,,
489,,
490,,
491,,
492,,
493,,
494,,
495,,
496,,
497,,
498,,
501,,
502,,
503,,
504,,
505,,
506,,
507,,
508,,
509,,
510,,
511,,
512,,
513,,
516,,
519,,
520,,
521,,
522,,
523,,
524,,
526,,
527,,
528,,
529,,
531,,
532,,
533,,
534,,
535,,
536,,
537,,
538,,
539,,
540,,
541,,
542,,
543,,
544,,
545,,
546,,
547,,
548,,
549,,
550,,
551,,
552,,
553,,
554,,
555,,
556,,
557,,
558,,
561,,
562,,
563,,
564,,
565,,
566,,
568,,
569,,
571,,
572,,
575,,
576,,
577,,
578,,
582,,
583,,
584,,
585,,
589,,
590,,
592,,
593,,
595,,
596,,
598,,
599,,
601,,
602,,
603,,
604,,
608,,
609,,
610,,
613,,
617,,
618,,
619,,
620,,
621,,
622,,
623,,
624,,
625,,
626,,
627,,
628,,
629,,
630,,
631,,
632,,
633,,
634,,
635,,
636,,
637,,
638,,
641,,
642,,
643,,
644,,
645,,
646,,
647,,
648,,
649,,
650,,
651,,
652,,
653,,
654,,
655,,
656,,
657,,
658,,
659,,
660,,
661,,
662,,
663,,
664,,
666,,
667,,
669,,
670,,
671,,
672,,
673,,
674,,
675,,
676,,
677,,
678,,
679,,
680,,
681,,
682,,
683,,
684,,
685,,
686,,
687,,
688,,
691,,
692,,
693,,
694,,
695,,
696,,
697,,
698,,
699,,
700,,
701,,
702,,
703,,
704,,
706,,
707,,
708,,
711,,
712,,
714,,
715,,
717,,
721,,
722,,
723,,
726,,
727,,
728,,
729,,
730,,
731,,
732,,
733,,
734,,
735,,
736,,
737,,
738,,
739,,
740,,
747,,
748,,
749,,
750,,
751,,
752,,
753,,
754,,
755,,
756,,
757,,
758,,
759,,
760,,
761,,
763,,
764,,
765,,
766,,
768,,
771,,
774,,
775,,
776,,
777,,
778,,
779,,
780,,
781,,
782,,
783,,
784,,
787,,
788,,
789,,
790,,
791,,
792,,
795,,
796,,
797,,
798,,
881,,
882,,
883,,
884,,
885,,
886,,
887,,
888,,
889,,
890,,
891,,
892,,
893,,
894,,
895,,
896,,
897,,
898,,
899,,
900,,
981,,
982,,
983,,
984,,
985,,
986,,
987,,
988,,
989,,
995,,
996,,
1085,,
1086,,
1089,,
1090,,
1091,,
1092,,
1101,,
1102,,
1103,,
1104,,
1600,,
1601,,
1604,,
1605,,
1606,,
1607,,
1608,,
1611,,
1612,,
1615,,
1616,,
1619,,
1621,,
1622,,
1625,,
1626,,
1627,,
1631,,
1632,,
1633,,
1634,,
1637,,
1638,,
1639,,
1640,,
1641,,
1642,,
1643,,
1644,,
1645,,
1646,,
1647,,
1648,,
1649,,
1650,,
1651,,
1652,,
1653,,
1654,,
1655,,
1656,,
1666,,
1669,,
1671,,
1672,,
1680,,
1683,,
1687,,
1688,,
1689,,
1690,,
1691,,
1692,,
1693,,
1694,,
1695,,
1696,,
1697,,
1702,,
1709,,
1710,,
1711,,
1712,,
1713,,
1715,,
1720,,
1721,,
1722,,
1723,,
1724,,
1725,,
1726,,
1727,,
1728,,
1729,,
1730,,
1731,,
1732,,
1734,,
1735,,
1737,,
1738,,
1739,,
1740,,
1761,,
1762,,
1763,,
1764,,
1765,,
1766,,
1768,,
1771,,
1774,,
1775,,
1776,,
1777,,
1779,,
1780,,
1781,,
1782,,
1787,,
1788,,
1789,,
1790,,
1791,,
1792,,
1810,,
1811,,
1812,,
1813,,
1831,,
1832,,
1833,,
1834,,
1837,,
1838,,
1839,,
1840,,
1843,,
1844,,
1851,,
1852,,
1853,,
1854,,
1855,,
1856,,
1857,,
1858,,
1861,,
1862,,
1863,,
1864,,
1867,,
1868,,
1869,,
1870,,
1871,,
1872,,
1875,,
1878,,
1883,,
1884,,
1891,,
1892,,
1893,,
1894,,
1895,,
1896,,
1897,,
1898,,
1899,,
1900,,
2141,,
2142,,
2143,,
2144,,
2145,,
2146,,
2152,,
2153,,
2154,,
2155,,
2158,,
2159,,
2176,,
2177,,
2178,,
2179,,
3111,,
3114,,
3118,,
3119,,
3121,,
3122,,
3123,,
3124,,
3125,,
3126,,
3131,,
3132,,
3133,,
3134,,
3137,,
3138,,
3139,,
3140,,
3141,,
3142,,
3143,,
3144,,
3145,,
3146,,
3147,,
3148,,
3152,,
3153,,
3155,,
3156,,
3157,,
3158,,
3159,,
3160,,
3161,,
3162,,
3163,,
3164,,
3165,,
3166,,
3169,,
3170,,
3175,,
3176,,
3179,,
3180,,
3182,,
3187,,
3189,,
3190,,
3231,,
3232,,
3234,,
3235,,
3239,,
3240,,
3711,,
3712,,
3713,,
3714,,
3715,,
3716,,
3717,,
3718,,
3721,,
3722,,
3723,,
3724,,
3725,,
3726,,
3729,,
3731,,
3733,,
3734,,
3735,,
3738,,
3739,,
3740,,
3742,,
3751,,
3752,,
3753,,
3754,,
3755,,
3756,,
3757,,
3758,,
3759,,
3760,,
3761,,
3762,,
3763,,
3764,,
3767,,
3768,,
3771,,
3772,,
3773,,
3774,,
3775,,
3776,,
3777,,
3778,,
3779,,
3782,,
3783,,
3784,,
3785,,
3786,,
3788,,
3789,,
3790,,
3791,,
3792,,
3793,,
3794,,
3795,,
3831,,
3832,,
3833,,
3834,,
3837,,
3838,,
3840,,
3841,,
3842,,
3843,,
3844,,
3845,,
3846,,
3847,,
3848,,
3849,,
3850,,
3851,,
3852,,
3853,,
3854,,
3855,,
3856,,
3857,,
3858,,
3859,,
3872,,
3873,,
3874,,
3875,,
3876,,
3877,,
3878,,
3879,,
3880,,
3881,,
3882,,
3883,,
3884,,
3885,,
3886,,
3887,,
3888,,
3889,,
3890,,
3891,,
3892,,
3893,,
4641,,
4642,,
4645,,
4646,,
4651,,
4652,,
4653,,
4654,,
4655,,
4656,,
4659,,
4660,,
4661,,
4662,,
4671,,
4672,,
4673,,
4674,,
4675,,
4676,,
4694,,
4695,,
4696,,
4697,,
4711,,
4712,,
4714,,
4715,,
4716,,
4718,,
4719,,
4720,,
4721,,
4723,,
4724,,
4725,,
4726,,
4728,,
4729,,
4731,,
4732,,
4735,,
4736,,
4737,,
4738,,
4739,,
4743,,
4744,,
4745,,
4746,,
4761,,
4762,,
4765,,
4766,,
4767,,
4768,,
4771,,
4772,,
4773,,
4774,,
4777,,
4778,,
4779,,
4780,,
4781,,
4782,,
4783,,
4784,,
4787,,
4788,,
4800,,
4801,,
4802,,
4803,,
4806,,
4807,,
4808,,
4809,,
4810,,
4811,,
4812,,
4813,,
4814,,
4815,,
4816,,
4817,,
4818,,
4819,,
4820,,
4821,,
4824,,
4825,,
4826,,
4827,,
4830,,
4831,,
4832,,
4833,,
4841,,
4842,,
4843,,
4844,,
4853,,
4854,,
4857,,
4858,,
4861,,
4862,,
4865,,
4866,,
4867,,
4868,,
4871,,
4872,,
4873,,
4874,,
4875,,
4876,,
4881,,
4882,,
4883,,
4884,,
4885,,
4886,,
4915,,
4916,,
4919,,
4920,,
4931,,
4932,,
4933,,
4934,,
4937,,
4938,,
4939,,
4940,,
4951,,
4954,,
4957,,
4960,,
13,,
14,,
15,,
16,,
17,,
18,,
19,,
20,,
21,,
22,,
23,,
24,,
25,,
26,,
27,,
28,,
30,,
31,,
32,,
33,,
34,,
35,,
36,,
37,,
38,,
39,,
40,,
41,,
50,,
51,,
13,,
14,,
15,,
16,,
17,,
18,,
19,,
20,,
21,,
22,,
23,,
24,,
25,,
26,,
27,,
28,,
30,,
31,,
32,,
33,,
34,,
35,,
36,,
37,,
38,,
39,,
40,,
41,,
50,,
51,,
52,,
53,,
54,,
55,,
56,,
57,,
58,,
59,,
60,,
61,,
62,,
63,,
64,,
65,,
66,,
67,,
68,,
69,,
70,,
71,,
72,,
73,,
74,,
75,,
76,,
77,,
78,,
79,,
81,,
82,,
84,,
91,,
92,,
118,,
119,,
120,,
121,,
124,,
125,,
126,,
127,,
128,,
129,,
130,,
131,,
132,,
133,,
134,,
135,,
136,,
137,,
138,,
139,,
141,,
142,,
144,,
145,,
147,,
148,,
149,,
150,,
161,,
162,,
164,,
167,,
168,,
169,,
191,,
192,,
193,,
194,,
196,,
197,,
199,,
200,,
239,,
240,,
241,,
242,,
243,,
244,,
245,,
246,,
247,,
248,,
249,,
250,,
251,,
252,,
253,,
254,,
255,,
256,,
257,,
258,,
259,,
260,,
261,,
262,,
263,,
264,,
265,,
266,,
267,,
268,,
269,,
270,,
271,,
272,,
273,,
274,,
280,,
281,,
282,,
283,,
284,,
285,,
286,,
287,,
289,,
290,,
292,,
293,,
294,,
295,,
296,,
297,,
298,,
299,,
300,,
301,,
302,,
303,,
305,,
306,,
307,,
308,,
313,,
314,,
317,,
318,,
319,,
320,,
321,,
322,,
323,,
324,,
325,,
326,,
327,,
328,,
331,,
332,,
333,,
334,,
335,,
336,,
337,,
338,,
339,,
340,,
341,,
342,,
344,,
345,,
347,,
348,,
351,,
352,,
353,,
354,,
355,,
358,,
359,,
360,,
361,,
363,,
364,,
366,,
367,,
368,,
369,,
370,,
371,,
372,,
373,,
374,,
375,,
376,,
377,,
378,,
381,,
382,,
383,,
384,,
385,,
386,,
387,,
388,,
389,,
390,,
401,,
402,,
403,,
404,,
405,,
406,,
407,,
408,,
409,,
410,,
412,,
413,,
414,,
415,,
421,,
422,,
427,,
428,,
429,,
430,,
432,,
434,,
435,,
437,,
438,,
441,,
444,,
445,,
447,,
448,,
449,,
450,,
451,,
452,,
453,,
454,,
455,,
456,,
480,,
481,,
482,,
483,,
484,,
485,,
487,,
488,,
489,,
490,,
491,,
492,,
493,,
494,,
495,,
496,,
497,,
498,,
501,,
502,,
503,,
504,,
505,,
506,,
507,,
508,,
509,,
510,,
511,,
512,,
513,,
516,,
519,,
520,,
521,,
522,,
523,,
524,,
526,,
527,,
528,,
529,,
531,,
532,,
533,,
534,,
535,,
536,,
537,,
538,,
539,,
540,,
541,,
542,,
543,,
544,,
545,,
546,,
547,,
548,,
549,,
550,,
551,,
552,,
553,,
554,,
555,,
556,,
557,,
558,,
561,,
562,,
563,,
564,,
565,,
566,,
568,,
569,,
571,,
572,,
575,,
576,,
577,,
578,,
582,,
583,,
584,,
585,,
589,,
590,,
592,,
593,,
595,,
596,,
598,,
599,,
601,,
602,,
603,,
604,,
608,,
609,,
610,,
613,,
617,,
618,,
619,,
620,,
621,,
622,,
623,,
624,,
625,,
626,,
627,,
628,,
629,,
630,,
631,,
632,,
633,,
634,,
635,,
636,,
637,,
638,,
641,,
642,,
643,,
644,,
645,,
646,,
647,,
648,,
649,,
650,,
651,,
652,,
653,,
654,,
655,,
656,,
657,,
658,,
659,,
660,,
661,,
662,,
663,,
664,,
666,,
667,,
669,,
670,,
671,,
672,,
673,,
674,,
675,,
676,,
677,,
678,,
679,,
680,,
681,,
682,,
683,,
684,,
685,,
686,,
687,,
688,,
691,,
692,,
693,,
694,,
695,,
696,,
697,,
698,,
699,,
700,,
701,,
702,,
703,,
704,,
706,,
707,,
708,,
711,,
712,,
714,,
715,,
717,,
721,,
722,,
723,,
726,,
727,,
728,,
729,,
730,,
731,,
732,,
733,,
734,,
735,,
736,,
737,,
738,,
739,,
740,,
747,,
748,,
749,,
750,,
751,,
752,,
753,,
754,,
755,,
756,,
757,,
758,,
759,,
760,,
761,,
763,,
764,,
765,,
766,,
768,,
771,,
774,,
775,,
776,,
777,,
778,,
779,,
780,,
781,,
782,,
783,,
784,,
787,,
788,,
789,,
790,,
791,,
792,,
795,,
796,,
797,,
798,,
881,,
882,,
883,,
884,,
885,,
886,,
887,,
888,,
889,,
890,,
891,,
892,,
893,,
894,,
895,,
896,,
897,,
898,,
899,,
900,,
981,,
982,,
983,,
984,,
985,,
986,,
987,,
988,,
989,,
995,,
996,,
1085,,
1086,,
1089,,
1090,,
1091,,
1092,,
1101,,
1102,,
1103,,
1104,,
1600,,
1601,,
1604,,
1605,,
1606,,
1607,,
1608,,
1611,,
1612,,
1615,,
1616,,
1619,,
1621,,
1622,,
1625,,
1626,,
1627,,
1631,,
1632,,
1633,,
1634,,
1637,,
1638,,
1639,,
1640,,
1641,,
1642,,
1643,,
1644,,
1645,,
1646,,
1647,,
1648,,
1649,,
1650,,
1651,,
1652,,
1653,,
1654,,
1655,,
1656,,
1666,,
1669,,
1671,,
1672,,
1680,,
1683,,
1687,,
1688,,
1689,,
1690,,
1691,,
1692,,
1693,,
1694,,
1695,,
1696,,
1697,,
1702,,
1709,,
1710,,
1711,,
1712,,
1713,,
1715,,
1720,,
1721,,
1722,,
1723,,
1724,,
1725,,
1726,,
1727,,
1728,,
1729,,
1730,,
1731,,
1732,,
1734,,
1735,,
1737,,
1738,,
1739,,
1740,,
1761,,
1762,,
1763,,
1764,,
1765,,
1766,,
1768,,
1771,,
1774,,
1775,,
1776,,
1777,,
1779,,
1780,,
1781,,
1782,,
1787,,
1788,,
1789,,
1790,,
1791,,
1792,,
1810,,
1811,,
1812,,
1813,,
1831,,
1832,,
1833,,
1834,,
1837,,
1838,,
1839,,
1840,,
1843,,
1844,,
1851,,
1852,,
1853,,
1854,,
1855,,
1856,,
1857,,
1858,,
1861,,
1862,,
1863,,
1864,,
1867,,
1868,,
1869,,
1870,,
1871,,
1872,,
1875,,
1878,,
1883,,
1884,,
1891,,
1892,,
1893,,
1894,,
1895,,
1896,,
1897,,
1898,,
1899,,
1900,,
2141,,
2142,,
2143,,
2144,,
2145,,
2146,,
2152,,
2153,,
2154,,
2155,,
2158,,
2159,,
2176,,
2177,,
2178,,
2179,,
3111,,
3114,,
3118,,
3119,,
3121,,
3122,,
3123,,
3124,,
3125,,
3126,,
3131,,
3132,,
3133,,
3134,,
3137,,
3138,,
3139,,
3140,,
3141,,
3142,,
3143,,
3144,,
3145,,
3146,,
3147,,
3148,,
3152,,
3153,,
3155,,
3156,,
3157,,
3158,,
3159,,
3160,,
3161,,
3162,,
3163,,
3164,,
3165,,
3166,,
3169,,
3170,,
3175,,
3176,,
3179,,
3180,,
3182,,
3187,,
3189,,
3190,,
3231,,
3232,,
3234,,
3235,,
3239,,
3240,,
3711,,
3712,,
3713,,
3714,,
3715,,
3716,,
3717,,
3718,,
3721,,
3722,,
3723,,
3724,,
3725,,
3726,,
3729,,
3731,,
3733,,
3734,,
3735,,
3738,,
3739,,
3740,,
3742,,
3751,,
3752,,
3753,,
3754,,
3755,,
3756,,
3757,,
3758,,
3759,,
3760,,
3761,,
3762,,
3763,,
3764,,
3767,,
3768,,
3771,,
3772,,
3773,,
3774,,
3775,,
3776,,
3777,,
3778,,
3779,,
3782,,
3783,,
3784,,
3785,,
3786,,
3788,,
3789,,
3790,,
3791,,
3792,,
3793,,
3794,,
3795,,
3831,,
3832,,
3833,,
3834,,
3837,,
3838,,
3840,,
3841,,
3842,,
3843,,
3844,,
3845,,
3846,,
3847,,
3848,,
3849,,
3850,,
3851,,
3852,,
3853,,
3854,,
3855,,
3856,,
3857,,
3858,,
3859,,
3872,,
3873,,
3874,,
3875,,
3876,,
3877,,
3878,,
3879,,
3880,,
3881,,
3882,,
3883,,
3884,,
3885,,
3886,,
3887,,
3888,,
3889,,
3890,,
3891,,
3892,,
3893,,
4641,,
4642,,
4645,,
4646,,
4651,,
4652,,
4653,,
4654,,
4655,,
4656,,
4659,,
4660,,
4661,,
4662,,
4671,,
4672,,
4673,,
4674,,
4675,,
4676,,
4694,,
4695,,
4696,,
4697,,
4711,,
4712,,
4714,,
4715,,
4716,,
4718,,
4719,,
4720,,
4721,,
4723,,
4724,,
4725,,
4726,,
4728,,
4729,,
4731,,
4732,,
4735,,
4736,,
4737,,
4738,,
4739,,
4743,,
4744,,
4745,,
4746,,
4761,,
4762,,
4765,,
4766,,
4767,,
4768,,
4771,,
4772,,
4773,,
4774,,
4777,,
4778,,
4779,,
4780,,
4781,,
4782,,
4783,,
4784,,
4787,,
4788,,
4800,,
4801,,
4802,,
4803,,
4806,,
4807,,
4808,,
4809,,
4810,,
4811,,
4812,,
4813,,
4814,,
4815,,
4816,,
4817,,
4818,,
4819,,
4820,,
4821,,
4824,,
4825,,
4826,,
4827,,
4830,,
4831,,
4832,,
4833,,
4841,,
4842,,
4843,,
4844,,
4853,,
4854,,
4857,,
4858,,
4861,,
4862,,
4865,,
4866,,
4867,,
4868,,
4871,,
4872,,
4873,,
4874,,
4875,,
4876,,
4881,,
4882,,
4883,,
4884,,
4885,,
4886,,
4915,,
4916,,
4919,,
4920,,
4931,,
4932,,
4933,,
4934,,
4937,,
4938,,
4939,,
4940,,
4951,,
4954,,
4957,,
4960,,
